user_id,is_home_try_on,number_of_pairs,is_purchase
4e8118dc-bb3d-49bf-85fc-cca8d83232ac,1,3 pairs,0
291f1cca-e507-48be-b063-002b14906468,1,3 pairs,1
75122300-0736-4087-b6d8-c0c5373a1a04,0,,0
75bc6ebd-40cd-4e1d-a301-27ddd93b12e2,1,5 pairs,0
ce965c4d-7a2b-4db6-9847-601747fa7812,1,3 pairs,1
28867d12-27a6-4e6a-a5fb-8bb5440117ae,1,5 pairs,1
5a7a7e13-fbcf-46e4-9093-79799649d6c5,0,,0
0143cb8b-bb81-4916-9750-ce956c9f9bd9,0,,0
a4ccc1b3-cbb6-449c-b7a5-03af42c97433,1,5 pairs,0
b1dded76-cd60-4222-82cb-f6d464104298,1,3 pairs,0
8fe8b9a7-d5d0-4aeb-a0d2-b8dd43f50a95,0,,0
9fc1bcfe-1c3b-4b78-bb3b-af3586c2f05c,1,5 pairs,1
20b03d28-d39c-46cf-81af-9fb479e823c0,1,5 pairs,1
ffe1b116-6f09-4408-9aba-f0d268c67fbe,1,3 pairs,0
f254b8a3-1c02-42a2-8c7e-2a0a5c57f0f9,1,3 pairs,0
78636c3f-a55e-4296-97c7-fd10aac81042,0,,0
f35fa92e-8814-412f-864e-dca97a8aea1e,0,,0
f7f2dbff-4e8f-4b5c-b443-b54bad9ef9ae,1,5 pairs,1
4e71850e-8bbf-4e6b-accc-49a7bb46c586,1,3 pairs,0
5d9e5c70-9f42-4304-bd34-23ab70a79d34,1,3 pairs,0
d5f8f841-d41f-4962-8824-e104b7f1e3bd,0,,0
0c570cc1-fbb1-4fe3-bdf8-a817696d3c67,0,,0
d2b97e03-2e08-4e1f-9f55-f143a2a854cd,0,,0
1691d924-ac70-451d-acd8-845c08978be4,1,5 pairs,0
f015a7c4-cffb-456a-aa5b-933ffa48aa67,0,,0
1b4da1ff-f104-4403-8d49-b37610e6f959,0,,0
8f5b84ff-8950-4145-a6ed-26154e958858,1,5 pairs,0
b645be99-7725-439b-8bde-7dc01f8af947,1,5 pairs,1
8e902353-b097-4900-9eb3-657ed2374c1e,0,,0
7e4377bc-375b-4903-b76c-3f678113976d,1,3 pairs,0
c1de2c2d-2867-41b0-96a4-65dfb809d3dd,1,5 pairs,1
fc072827-2519-493a-9d6e-165bd950b068,0,,0
051cad4e-5646-4d7b-abf5-edd6d4b9c85d,1,5 pairs,0
1139a085-c06a-4292-af6f-1a7e8c9c0ab3,1,5 pairs,1
43fc2b6c-f477-4f20-9990-eaf024aa63bf,1,5 pairs,1
c3eb2207-8bfd-4eee-8b3b-216a6775cb26,1,5 pairs,1
9c98c08e-6e5c-472e-961e-472e075cdb28,1,3 pairs,0
19551ac3-c451-4044-bee7-4bb9c589b4b1,1,5 pairs,1
8eb24487-efbc-4229-821f-aafee2b2b689,0,,0
868ff3dd-d9d2-48e8-adcd-98712088cf7c,0,,0
e4a99b47-98c8-48e9-84ac-d0dd7791146b,1,3 pairs,0
7c46954c-25ca-4052-a607-91c3fb68fa56,0,,0
1d85f9ba-898e-42a1-9f08-02a03fe1a120,1,5 pairs,0
d101b917-c20a-45c0-85cd-29a28c0d5a15,0,,0
ae3f437d-6c98-4934-90f1-ceb42391d440,1,5 pairs,1
b09ed287-3d61-4810-943d-527905472a31,0,,0
a1061a41-a2d4-4e4c-b376-6441e48f7851,0,,0
026e11d9-926c-4206-af7c-273e3ee6ad7f,1,3 pairs,1
9d2656a0-d066-4b42-bce1-77825f34ded9,1,5 pairs,0
b7e63818-4b33-45e4-a682-759d078e2e93,1,5 pairs,1
d72353a5-17b4-4b6f-ae11-00e4a6b4f7e3,0,,0
b6f47bc3-f3ff-442a-ac66-aed423e63308,1,3 pairs,0
3112f038-2ae3-4584-9811-ca960ee18963,1,3 pairs,1
05dc640b-5112-41b0-8169-6d957a93f779,1,3 pairs,1
4e8155fc-285b-40ba-970b-70393b9abe39,1,3 pairs,0
53214819-85d6-4158-ac00-9ac273f53155,1,3 pairs,1
965f2bdf-9b48-4dec-b8df-f5857531ed50,1,5 pairs,1
c059c059-86c8-4e22-9ab0-6ebecf612e06,0,,0
5fcc172d-ae98-4913-81f4-e7bc856b034d,0,,0
d20eac07-7eec-4f3c-817c-16c33a21fd9a,1,5 pairs,0
b466c473-6a4b-4401-ab5f-ba47c6b8c41a,1,5 pairs,1
c24cb446-6e22-4674-8a03-7ac4c7cb520d,1,5 pairs,1
1f1442d1-8217-4a1e-97cc-c11c8def9398,1,3 pairs,1
92e51825-7b9f-4e31-a071-b7f1696ac676,1,5 pairs,1
cfa3620b-e8fd-415a-8d6d-643393a7e857,0,,0
e842b4f0-c941-4809-8fad-37feb7c2a7f3,1,5 pairs,0
c7a9f8bd-48ac-486a-aab6-128c566895f4,0,,0
356189df-8aee-4536-83ac-f0b18aea5a3f,0,,0
cbafc3bf-4696-4268-8a38-3ecb5814a896,1,5 pairs,1
a5d947c7-ca21-49d7-b68e-113f75e5b6e6,1,3 pairs,0
1ea8fc30-d0af-4f3c-9c23-854fee0275b6,0,,0
40af8da7-61dd-47b2-8457-b2387c0328d6,1,5 pairs,1
b9953466-8204-46a7-985d-6d3d1d5e982b,1,5 pairs,1
dd3284f9-5d92-489a-98c6-73acb5e668f5,1,3 pairs,1
e86bdb03-1299-4dd2-8df0-d10069471dba,1,3 pairs,1
76da5225-7279-4aa5-bf90-b79df3f14910,1,3 pairs,1
af8ef8fc-7787-4b90-a65c-4286d84e0be6,0,,0
7f855658-7994-4f86-a978-f8c8f9c5bd6a,1,3 pairs,1
f8b13186-db36-4db1-89ff-a215c0afbe85,1,3 pairs,0
38fe865a-47b5-4e3a-87d1-56a237ebec1a,0,,0
e5e01759-a036-4844-aaae-40a9235a2d17,1,5 pairs,1
c7c8409e-93b0-401a-a331-e2a3320477d8,0,,0
b71d7b8c-8d57-4654-8d3d-c360d95db754,1,5 pairs,1
a9608202-e25c-4a4d-b281-787c9fa77280,1,5 pairs,0
a9133015-989b-4bb0-b313-7dbe60bbb27c,1,3 pairs,0
7f769f16-ba7c-45f6-bb9c-45cc54d9e231,1,5 pairs,1
bee026fb-73b5-435e-aaad-8ab2ffe9dc41,1,5 pairs,1
12b0b516-2fb0-4da6-bb4d-a09f438ae96e,1,3 pairs,0
93770f80-a457-4581-87cb-adb4ea31aaf2,1,3 pairs,1
7caddbcb-f74b-4b62-a45d-b96cd2a4c86c,1,5 pairs,1
cb8c3848-5fa4-40b1-97aa-25eab9a44411,1,5 pairs,1
a8771b60-0f9f-4da4-9fc5-f38f5bf06f22,0,,0
1087709c-e97e-45ba-bc06-c907de40bec1,1,5 pairs,1
9d5bb7e4-e4e2-4578-a74c-d33f6ac36541,1,3 pairs,0
15618784-1e14-456e-a009-f662ce47525f,0,,0
aa34dd51-0532-406d-a8d0-0fefe4a7af9c,0,,0
e5d54fc4-699e-49d6-9b81-21a717577302,1,3 pairs,0
9f6d215e-b3fd-4f77-ac16-5ddbfe5c0edc,1,5 pairs,1
7e0a4de1-1e5f-4e9a-b49f-2d8121572646,1,5 pairs,1
1cd27840-5cd6-4d9d-86d4-ec0a254b1ec9,1,3 pairs,1
6f1541c9-3041-4289-bce1-ab8f62b53a78,1,5 pairs,1
0d7e57cf-fece-48f3-b38a-b01ff53a8f55,0,,0
410828d9-1901-4835-8373-ba614ca01a2a,1,3 pairs,0
ffef9d8c-7a8d-475d-a9b2-856b81c05b66,1,5 pairs,1
5bb1565b-eeed-4def-bae3-26c6b6d3a86e,0,,0
89661603-5db3-4f35-bb82-169112338efc,0,,0
e94c72c8-7818-4b44-be9e-779a65773662,0,,0
6d0a5867-c493-433b-b999-68eb2419b38d,0,,0
572cbfa1-715c-4ad7-af98-47f2f125b323,0,,0
7b5dae9c-b17b-4717-9918-41669cc58e4d,1,5 pairs,0
3ace7595-930c-4d37-aaf3-c8675131a20f,0,,0
15f543f3-5631-448b-82f9-01a845316666,0,,0
10675530-34e9-4f4b-a90e-e4d0fd5ad63d,1,5 pairs,0
bedef0cb-4b9b-4237-af94-da05ff7e0480,1,5 pairs,1
47b60960-820c-4e77-8595-2e2e31d77182,1,5 pairs,1
6b2c81f0-3d31-4f8c-ae3e-25998d487682,1,3 pairs,1
39c04a22-3507-4148-a922-4450d4b38508,0,,0
b0f3e52a-afb6-4432-b27b-34546c480bb4,1,3 pairs,1
2cc56e4b-bad8-4d33-a908-045f776fbed6,1,5 pairs,1
fdb05724-dc6d-4f31-bc1d-a91f7d93423e,1,3 pairs,1
c7887f7a-5964-4725-b39b-9fec5cf79ca4,1,5 pairs,1
b6014928-103e-44be-a2a9-5012e8d557bd,1,3 pairs,0
10ab3931-e156-439d-8d08-9f9b8c613df8,1,3 pairs,0
ee2c37da-8ab2-4664-aa0f-f4e03471de99,1,3 pairs,0
bc4b52fe-b445-4e3c-a867-169bac2888ae,1,3 pairs,0
d39c6e0c-1d64-4e57-b20b-f049353aafc9,0,,0
dce23cff-5f66-40e0-b952-ec4719ddc45c,1,3 pairs,0
32676677-61d3-4430-a94c-0e6313df79c0,1,3 pairs,1
c32d61c0-4fa7-466d-a546-350f4ab694f7,0,,0
4a438820-5804-4dff-9222-c8599b19599e,1,5 pairs,1
6bd99636-214a-4819-892a-0dc305a27d22,1,3 pairs,1
82820b36-4428-4ec1-9385-8f61fb355615,1,3 pairs,0
61694eaa-6d89-4d69-a395-141e97ffb5f8,1,3 pairs,1
51290372-8238-47c2-8888-36307bd0d76a,1,5 pairs,1
330a14d8-0258-444a-a3e3-316aa6d107dc,1,3 pairs,0
ac792b7a-af34-4bdb-936f-8aa5551430d6,1,5 pairs,1
f7ef84b7-2c32-42bc-afe9-762d0ebad2d9,1,5 pairs,1
7d499e29-4c97-420e-81ef-a7770b5a8e6a,1,3 pairs,0
d0a87b89-d470-4324-8f89-2ee92428249e,1,3 pairs,1
cd2e8717-9938-44bd-9775-729e48937905,1,5 pairs,1
4c89e8fc-db36-4225-8c09-e8ada8594055,1,5 pairs,1
031e61fc-7d7a-49e7-80ac-00bbdd98f40b,1,3 pairs,1
d1d2936e-07ec-4e40-a43e-fbd4d0f28082,1,3 pairs,1
858b658f-5121-45a1-92d4-1a17b3ab3797,0,,0
ad771ca1-3ff4-4b52-a8b3-cd1a91f34395,1,5 pairs,1
a422cb99-6f62-4033-bdfc-c38b55d733c1,1,5 pairs,1
ecf87c46-9bbd-4b3e-a30b-12a951c19f6a,1,5 pairs,1
875670e0-afc0-466f-ab57-3b791189c3c0,1,5 pairs,1
af4ff78e-3a6c-498b-9696-64a1676aabea,1,5 pairs,1
9abf5ab9-30e4-4e26-bfb4-685e8174e245,1,3 pairs,1
f926c9d5-1ef6-4a61-8e9c-8fb30a3d43ea,1,5 pairs,1
97bacd9b-5fa3-4317-9ad1-82e9b0414622,1,5 pairs,1
add0c666-b6fa-4694-b983-6d761ab2f297,1,3 pairs,1
b7c5d97b-6a9f-4c08-a2e2-0b887879ba96,0,,0
986929b4-455c-4aa7-84c6-380d3c6bbc98,1,3 pairs,0
65264385-2382-4318-bd40-48f042c9fec5,1,3 pairs,0
eef22bcc-58f4-44bf-b24e-d944be38666f,1,3 pairs,1
7aab7cb6-6b8a-400a-8dfc-68cca8ddc237,1,3 pairs,0
17d1f309-3336-457b-8652-7e280925d6d9,1,5 pairs,1
65d6a0ac-e1b8-4401-b96d-06bc6a418833,1,5 pairs,1
adcdcb92-1579-4b4a-a4d8-d2174ce13f58,1,5 pairs,1
bacc11a7-b59f-430c-b9ae-72b79d69991c,0,,0
80d91230-06d0-467c-8d6b-035e0f5f5d9e,1,5 pairs,0
63bf5d2c-7dc4-4b85-baa0-6d60fbd1e42b,0,,0
684988d7-1029-4a31-bdf6-533002adbc0e,1,3 pairs,1
adc2de4f-403e-4931-91f5-d52d6c67e5f9,1,5 pairs,1
3dd998e7-87b7-4e0d-b02f-c4fa054d444b,1,3 pairs,1
a268d3c9-4295-4028-b9a9-6c02038d3b33,0,,0
7b0dc197-3ceb-4e79-8353-c896ebaf3b68,0,,0
e0518db8-c4c3-4392-86b9-b823aff7d166,1,3 pairs,1
2ee7a146-c11b-4c56-bbc8-d3bff5974816,1,3 pairs,0
b7fa2651-a973-474e-8992-f2d367ff46f0,0,,0
8a9f51c5-18a2-43ab-ae54-623af65e0093,1,3 pairs,1
a1a5bea8-80b5-4abe-9be1-ea3e82fc35e4,1,3 pairs,1
2f30c548-a367-485c-81bd-e3efae01f449,1,3 pairs,0
4523cf18-773a-443c-8b15-d5c91fdff988,1,5 pairs,1
5b8c595e-70e0-45a2-938a-1fe1c729cd6c,1,3 pairs,1
33d0ba24-fa10-4769-8c8f-79125482f0f5,1,5 pairs,1
fb2dcd59-410d-4b0d-8d5f-674723f7c204,1,5 pairs,0
1fb7807d-21c5-40db-9632-58fea147adad,1,3 pairs,1
6e8ff56d-c63c-43a5-ad0c-482f9c46a629,1,5 pairs,1
f9665659-5c90-46d7-b940-500598298938,1,5 pairs,1
ac8024c3-0047-4ae8-b3ec-9b4b8c88cca2,0,,0
fa602c83-4493-42d0-85fa-4b069cc23578,1,3 pairs,1
d930b073-ae0b-4556-8ad9-17a9fef8629c,1,5 pairs,1
f47079ce-fef6-4bec-b8ed-7d44ddea6abf,0,,0
4d895ccf-4877-4f13-8183-13d7d0a20a47,1,3 pairs,1
c70374f7-e3a1-4636-a385-7a333d344347,1,3 pairs,0
3cf149b9-fb94-4334-8d8c-50c2dcdb1979,0,,0
9b937f53-5751-4770-b27e-4e915ccae1e1,1,3 pairs,0
096030ee-6364-441a-8209-4fa61249bfa3,1,3 pairs,0
e37a84b7-6c05-4eae-8a24-8b30656caaa6,1,5 pairs,0
9ceabd80-38ce-4c64-9ba6-d136e7a7f5fa,1,3 pairs,1
bfac2100-6a7d-4c5f-8a21-f15a2c2869a9,0,,0
ac3583b8-b176-421d-9a14-f263cab2e07c,0,,0
0d403af1-59fd-48bc-8e97-5a6835c4bb78,1,5 pairs,1
99f1fad4-5142-45fd-a122-6185eadabf38,1,3 pairs,0
f0e3b59b-8df2-45ce-aec3-1aa422c08012,1,3 pairs,1
29728f35-999e-4f28-bf77-23dbd1291706,0,,0
2a09b682-4862-456d-afc4-6051917052ca,1,3 pairs,0
214f5b7c-b8a4-45bb-8069-11aa25eb9193,1,3 pairs,1
b8625486-29e9-4ae5-84bf-490eb2dfe4b9,0,,0
ab86470d-c728-4ec8-819c-7bb2e983a0fb,1,3 pairs,0
a6fd442f-d524-4e6f-a798-d8ed3abf0588,0,,0
fe681383-d229-479d-bdf0-b0ef9c5a61e9,0,,0
0637ca12-61f3-45f1-95e9-4e1a860c1555,1,3 pairs,1
33aa06cd-58e2-4edb-991b-b5c0e00605fb,1,5 pairs,1
321e7144-4d4a-4822-a0cf-acdf603dad17,1,5 pairs,1
d356d696-557d-4e0a-a0c8-20018076757c,1,3 pairs,0
086c23cf-524d-44a4-9c8b-09eb6cf59815,1,5 pairs,1
a56c3b5b-d5e4-4356-81e6-10987524af7c,1,3 pairs,0
8f076ce6-db31-4793-b432-ef4e42a9b718,1,3 pairs,1
83bd7767-2051-4631-8abd-23336d464449,1,3 pairs,1
8ec3d376-05a7-4dcc-86a6-2ebc297df034,0,,0
9c3bc610-fd41-4809-ab96-48762535078a,1,5 pairs,0
e8ce810a-633d-4ba7-9a0b-7641f4d77c0c,1,3 pairs,1
b239586f-df0c-4820-aa13-83529d76e748,1,5 pairs,1
78305b6c-ff29-4d63-af46-d8d2f69968d3,1,5 pairs,1
992f3b90-26c5-4b67-8ba9-884fe1b33a66,1,5 pairs,1
d89e21e3-7e39-42e1-b5eb-0f1e174a6463,0,,0
9b9338d4-3abb-4606-977f-1c6789fad555,1,5 pairs,1
39e8a811-75b9-4dc3-bdff-c92b6db0431d,1,3 pairs,1
480e65fe-c8a0-4b3a-bfb4-7ce31be93d52,1,5 pairs,1
7806cb6e-f0c2-4f48-af4b-86e5987efc24,0,,0
9af6b30b-db58-48d8-931f-078b9f7ea8f0,1,3 pairs,1
e8c787db-58de-4233-b9ad-a3cf8a590928,1,3 pairs,0
a0e3360b-4290-4fb8-bb3c-f230b26636b4,1,5 pairs,1
dfded8d9-97d0-485a-857e-df24e7d889ac,1,5 pairs,1
aaff8acf-c027-40a0-a930-8934df4642df,0,,0
5591f777-ec64-412b-a05f-f9e5aa151e9e,1,5 pairs,0
fdae74cd-c067-446e-89df-60176f693be8,1,5 pairs,0
24ffbce6-5652-4c41-9dab-8b3d4555b8be,1,5 pairs,1
2b3de4c3-ae42-4e8a-9b9d-e2576c02b0bd,1,3 pairs,1
b6be50f2-a7fa-47b9-a715-359950b06228,1,3 pairs,0
41dc7669-c37d-40db-a96f-643371674f87,1,5 pairs,1
44357709-380f-4db7-8d8d-9c8b24c826c8,0,,0
7151bd70-9da7-46e6-97a2-b50f292ed246,0,,0
3443f3b2-580a-4faf-8d82-02d055969208,1,3 pairs,1
42a10922-2d7d-44e6-961c-bfff8f464ff2,1,5 pairs,1
022358a0-5cdb-460a-994c-5fea4c3e4ea9,0,,0
02008d80-73be-47c6-962e-7342d53086fd,0,,0
c1064eec-56f1-48f6-8e0e-5b73dce35c93,1,3 pairs,0
f4285aa7-d13d-4fb0-9c8a-a2ab8e250b30,1,5 pairs,1
e1747ed0-8412-424b-bd04-d5036757e225,1,5 pairs,1
5f94f182-889c-4730-bbf4-792258663a09,1,5 pairs,1
80ab8d22-334b-435b-aa35-b0195cfca998,1,5 pairs,1
f5bff18f-3132-4219-bf95-bd4cddc40ff2,0,,0
04f8b549-42ab-4de3-b332-a74317091867,1,5 pairs,0
2e42bf7b-9f80-4973-a6fa-9b8d14e22e14,1,5 pairs,1
2607ec71-5e3f-41a6-9037-f4066d4876a4,1,3 pairs,1
a66798e0-13f6-4335-8c37-4c1890f1b836,1,3 pairs,1
a92979ce-8dbf-457e-8a7d-c01700645afc,1,5 pairs,0
e9198ac6-85de-470c-b8ed-19e95848bae2,1,3 pairs,1
49ba0fe2-991a-4688-8ac1-377d1ad6cb34,0,,0
d150f12c-0cf1-4278-b696-53c2ecf4b21b,1,5 pairs,1
c07eb2b7-0c5e-4c6e-9b8f-13b16a4032b9,0,,0
805e652f-d06a-4946-9038-405a61570495,1,5 pairs,1
e3aed48d-a940-4b25-a0e4-15a78f6a7cd2,1,3 pairs,0
d3d77d84-6361-4d02-bd47-bc45e6ef6adf,0,,0
6869ff00-3e8f-4d8e-aec0-c262bc42742d,1,5 pairs,0
7afb65b8-eea6-4307-9ba8-c02dfeca6d2e,1,3 pairs,0
0261a9b6-4ee5-4347-b1ab-6216ba57075f,1,5 pairs,0
dd2d397f-1673-4eb6-a4c2-3f95a2e772cb,0,,0
9abca22e-fecc-47e6-8056-c466763ec90c,0,,0
72df85b7-1369-4804-8cd6-6ac05bc50691,1,5 pairs,0
c40bddb5-8455-4d75-8298-a84f1fe87d53,1,3 pairs,1
968d3a5e-d235-4617-9fb7-0d6bccf89733,1,5 pairs,1
9d419454-c89d-416d-ae04-ffc6dc4b24d8,0,,0
1a2e8ed1-6c75-448b-988c-e9d5b7656ed8,1,5 pairs,0
b826481f-f12d-4d61-ae91-e2bf76c6dc39,1,5 pairs,1
20feec8f-33da-4fad-949a-91b3f482bb8b,1,3 pairs,0
fcfd74ec-90b4-4efd-b7ec-a2087cda1af8,1,5 pairs,1
1c75fd22-ad00-4334-af08-e8d36ce1c22d,0,,0
f77e8858-8af1-455f-8ac6-db603219b1e7,1,5 pairs,1
d8240627-aaa6-4fab-a1c3-aae978ecd53d,1,5 pairs,0
960a8643-e511-4eaf-ab7e-f68cdd76ab29,0,,0
d5b8a8ef-0e15-4b8b-8d47-e038fddbe2f5,1,3 pairs,1
abf0006c-b915-4d87-b501-78194dc53266,1,5 pairs,1
5ec1b242-e07f-43e8-b2cb-6bd034703394,1,5 pairs,1
b491f67b-8e11-47e2-9e70-e58ce4a9c9f7,0,,0
88feca68-e439-4b4e-8c9d-496f83082b4b,1,3 pairs,0
d0988040-eb54-47aa-82b2-8acec95aa122,0,,0
31793604-513b-4585-bcbf-a5c8d4938144,1,5 pairs,1
6e4ce66a-0636-4c09-aa94-8ec2da28050f,1,5 pairs,1
45ed80d3-6819-4c83-9af4-d7fe00594d6c,1,5 pairs,1
cebbcb16-79b8-4742-85e2-7195b32bae87,0,,0
b2003adf-e205-4da7-ab73-659a29c986a4,1,3 pairs,1
7a0f4ea2-3392-4ca7-bb82-d5c1f4575807,1,3 pairs,0
655b9f0c-64b4-4d04-8b81-4a5223ace1d2,1,5 pairs,0
2a2d5815-e49a-4aff-bc0b-2874be30d076,1,5 pairs,1
9ee76606-f2f2-4f09-8615-8847d1b28cdc,0,,0
d816f884-ce17-4374-bd37-95ac406f34c5,1,3 pairs,1
8cc09630-9cd2-40ed-9eed-c54a67d3b58d,1,3 pairs,1
13f89993-381d-402e-a22d-a3bd51e8a701,0,,0
5c299a77-108c-4e05-a441-8fb2a71f4cfb,1,3 pairs,1
de562053-892f-4730-bd6a-be3e2c1f42e9,1,5 pairs,0
0490851c-b26f-412e-9004-b1a58f799459,1,3 pairs,0
dd5e7acb-ae7b-41be-9b05-470f0a3bbb8a,1,5 pairs,0
fdf35090-5080-4d90-9204-7af788268837,1,5 pairs,1
97657049-f9e2-4618-abc7-4fc36c5bbba7,1,5 pairs,1
27fa4dc5-fd79-4f05-82b9-ddcc5ca1cf50,1,5 pairs,1
0c499b11-e4f5-4c2b-87d3-7d94aabeb984,1,5 pairs,1
3b0defc8-b6ad-44f4-a398-7e7f84f07fd2,1,3 pairs,0
9f443bfb-f37e-455c-ab44-6c07c8cf7122,1,3 pairs,1
39fe1b9f-caae-4985-ad6e-0df929e1d8f5,1,5 pairs,1
0bd5ab3d-a4c9-4cdb-a2ef-ef3d2c5e2db0,1,5 pairs,1
d5f82131-d8f7-4a24-afa3-83e8fc156cf3,1,3 pairs,0
f8fde183-bd43-4239-a9b7-6b3a7d7e75d6,1,3 pairs,1
803f65fb-ee77-40c9-bc00-76654838c58a,1,5 pairs,1
16560039-dac8-4ea4-871c-caf79ff02ca9,1,5 pairs,1
88cd98bb-9434-49ad-82b0-bb1ae6112d7d,1,5 pairs,1
844ac92f-4a11-4bfb-bcf7-182b2797c660,0,,0
c0996b5c-7fb0-4581-af07-bc55d5865c19,1,5 pairs,1
3bc8f97f-2336-4dab-bd86-e391609dab97,1,5 pairs,1
7cda54ad-e7a2-43cb-9e98-866a93690746,1,5 pairs,0
66545b2a-a45a-46fd-9e02-f8a891bd7a0c,0,,0
33aab87c-ab61-4bd9-af4d-3e5a97202dbf,0,,0
02bd0f5a-3f04-4902-b005-82188b07785f,1,3 pairs,1
bd89b0b6-c0d5-4b14-8677-39edc7086422,1,5 pairs,1
0a22fb65-63de-4381-9da7-057e1ec8c5c3,1,5 pairs,1
dcd5fd65-94be-4ba9-87ff-42d55637bbae,1,5 pairs,1
c793ce00-c0db-4eb0-a9c5-2ca446f6522e,1,5 pairs,1
09dec8d4-fa25-494b-9808-bd0aa15d9dd6,1,3 pairs,0
21343435-b205-463b-8159-35965866aae6,1,5 pairs,1
871c9636-4eef-4ec0-bea0-8ded21caaeaf,0,,0
978e93eb-22d7-4abc-86cd-cad535f476b4,0,,0
02655991-0f5e-4e4f-90b0-d2ea3d07c7cb,0,,0
12a5989c-6570-4ae3-8ed2-a7cb5ea9a401,1,5 pairs,1
bf318ab8-b3b2-4555-8e15-d7c102472f60,1,3 pairs,1
8da17b5e-4f0a-4e38-9ce2-4376cecc6449,0,,0
4fdc6b73-08e7-4238-b317-2e4b99e4b04c,1,3 pairs,1
01fdf106-f73c-4d3f-a036-2f3e2ab1ce06,1,3 pairs,1
62289618-9d4e-428d-885c-8c676ff534bf,1,3 pairs,0
3b29b014-d14b-479e-a1d3-40c7546a9a49,0,,0
8aeb7af7-ff00-44f5-a4b9-d0170844fcd4,1,3 pairs,1
99c3fec7-c618-4dea-a040-719367c19acd,1,3 pairs,1
ab7b623a-adcd-4769-8419-6df27e54f4d2,0,,0
2b2ca6df-c058-4ab4-a054-c0b57d943cb3,0,,0
7f6c554c-eb1f-45f8-98d0-7eda81b4cc0e,1,5 pairs,1
716c075d-31a5-4ebe-89ff-3442e35dbba5,0,,0
e67fb87b-cf6e-459d-b9be-7739e655096e,1,5 pairs,1
9eb5874d-f5d6-4688-9915-c438bd34fe2f,0,,0
ece62c0e-15e7-43f3-8f14-da8f73386758,1,3 pairs,0
dd5bd118-d8bc-4020-ac98-d4647b7c9569,1,5 pairs,1
50bbf9d1-b7bb-4f42-8604-e2c7ac9add5f,1,5 pairs,1
421b4f3d-8824-4d3d-b225-214f6a6193dd,1,3 pairs,0
81c53cc4-a440-42a9-aec0-5f55052110ec,0,,0
60fc68dd-3e94-49b6-90aa-669b8b189f85,1,5 pairs,0
a515b5ab-a955-4992-be1d-2af70ce95144,1,5 pairs,1
f52b07c8-abe4-4f4a-9d39-ba9fc9a184cc,1,5 pairs,0
358e3fa5-7e91-46d9-8564-982fbc3789db,0,,0
b429fe52-1caf-4fd7-ada1-9ff955769156,1,5 pairs,1
597c28cb-4039-4aea-93c5-d8e3d00da83f,1,3 pairs,0
03c6176f-d770-407b-b9cf-24ea046fb01d,1,5 pairs,1
a1d0a19b-3cad-42f7-823f-9de753f98ace,1,5 pairs,1
d58d68e7-eeaa-4902-96dd-b28343e5d68d,1,5 pairs,1
3cef62b4-3164-4bcf-9963-ddf196d4f701,0,,0
1a0ee7db-5ab8-429f-9f30-d56e3389b88f,1,5 pairs,1
448be0b6-bdf9-45d1-8b46-2ea4d57dd77d,1,5 pairs,1
0c507d49-2f39-47e8-bc21-839ccdce00f0,1,5 pairs,1
6419bf9b-0e8a-48e8-a39a-c3e63722e9db,0,,0
18fa2ca5-9f84-4933-ab27-822ddaf4d75a,1,5 pairs,1
71d26ce7-efee-4a85-8866-96d6639674bc,1,3 pairs,0
8e8f1507-8d2a-4be3-8730-5131ec1880d3,1,3 pairs,0
9eb4d4b8-4a30-43a7-9a14-d78138d812cf,0,,0
7c9b074c-bd4b-4396-ae48-e6992dc283c5,0,,0
13c7b86b-7bf8-4947-b97a-15b824ac4ea9,0,,0
8bd7826f-9c85-426b-a99b-1ce90d7ffcad,0,,0
5a933572-44e5-4ebc-9ac0-fd609af89593,1,3 pairs,1
ab562202-77b2-4fb3-ad0d-757f3a01fc24,1,5 pairs,0
542419e3-dc03-4159-b4a8-9d32dd7367db,1,3 pairs,0
30c5747c-51ae-40c1-af01-25c35e6e55c0,1,5 pairs,1
a66ce150-52e3-4fff-800a-881e75394ea2,1,5 pairs,0
d1390c4a-adbc-4a56-8f95-d00160abd119,1,5 pairs,1
64330597-8e3d-46ec-9111-c1d67d17ca53,1,3 pairs,1
bead8da8-a50c-498d-bfed-eb840813bf16,0,,0
ee947132-8c9e-43e0-91c7-e4a96f01900d,0,,0
9241a656-f564-41e7-b0a3-8d22c6fc4412,1,3 pairs,0
f3f7acf2-5d96-4d4c-8c6e-50cef2a189d2,1,3 pairs,1
ccf6dbb4-605d-4fe1-99c5-bc4a8ca095d9,1,5 pairs,1
4be27bc7-f480-4709-8d89-59dfb2382fbf,0,,0
b6e18327-27a3-454a-9337-c9b5c465ba76,1,5 pairs,1
61fafde7-1903-48e3-95e3-ca3ea3d60153,0,,0
437cd4a8-75af-42a8-98b7-f15bf5f27259,1,5 pairs,1
c069f5e1-d479-41d4-986a-d9ab6e857a1f,0,,0
1961a982-e720-4d4e-a2a5-1a4135b5e2af,0,,0
19c1ac7c-5475-4782-9157-db01edbafcbb,1,5 pairs,1
2a05d85e-7e94-470b-a301-8ad10d65d0fe,1,3 pairs,0
592498b4-6816-490e-8bf0-52ed3ba951f2,1,3 pairs,0
925c6109-a94b-4b08-85da-beed8cf1ed5a,0,,0
14a82d7b-1068-425f-bc1c-de1d54e81f4e,0,,0
7965fcad-6f14-41ed-9a1f-61580c9cd665,1,3 pairs,1
b00cf3e8-2e2d-4a15-a336-e29e27394780,1,3 pairs,0
f9d59208-2947-4cc2-9664-d0138c81a277,0,,0
85d8e0ef-ac5d-4a7e-ad21-450ae3d30f0c,1,5 pairs,1
8db35a85-53d7-4c3b-9c67-05eafcb4d5a8,1,5 pairs,0
2f1d8f84-0ec7-423d-864c-b3058bd42c17,1,5 pairs,1
cac537de-6154-4c23-a14a-0581d38be44e,1,5 pairs,0
05959785-c3c2-4f6d-87e7-7823813e4632,0,,0
36a53a49-23d9-47d0-9418-4658e9640af7,1,3 pairs,0
81331864-d57a-42b7-b648-449452899cdb,0,,0
b8670f3b-88f2-4b94-8039-18ae10dd22c9,1,3 pairs,1
6a440277-e384-4c8f-b350-0d28fdb8512e,0,,0
4c99ad21-71a6-494c-a8b6-0186d4c5abf6,1,3 pairs,1
c70e9be0-7c3b-45e6-851c-e35891c1e29c,1,3 pairs,1
5a0d8571-ea82-4ea9-adb1-08b813486a3f,1,5 pairs,1
c46bf262-52f7-4adb-91f1-fd98c7a4e00f,1,3 pairs,1
3abf7ee9-1581-482b-9545-b7e871dfc77a,0,,0
8cb0b822-8f63-42f5-a8f0-ae1890b80a65,1,5 pairs,1
191825f0-b4d5-49c1-ac99-0f952f61ddb1,1,5 pairs,1
c24be6ca-defc-47fb-8e94-df8259fb4a8b,1,5 pairs,1
59adf376-1541-44ff-b494-a40b2ba3f849,0,,0
646eb0c2-7c93-4b1d-8b46-3ec5484c0048,0,,0
3fdcd3da-7bbd-47c9-bd24-38e7a07ca180,1,3 pairs,1
25c5bb31-2100-46f6-8a4a-ad6acd67552f,0,,0
ea7168bd-45c0-4b88-b8f2-326412e2edca,1,5 pairs,1
238d8ab6-12f9-47a9-bb08-2df9c23c26d4,1,3 pairs,1
5d0febcc-e696-4213-9ce8-9f297bcbdc59,1,5 pairs,0
08597fb8-3c68-4291-9e15-55ba0b06546d,1,5 pairs,1
805fc874-23db-45be-88aa-8f53bcf07f09,1,5 pairs,1
c6506c5a-6cc7-4848-8c63-866d44a29a1c,1,3 pairs,1
194a134a-a052-4ce6-ac6c-d8d942e7269e,1,3 pairs,0
2a552ec1-34a1-4c26-b99c-d2639a3c96ee,1,3 pairs,1
2e3e3236-89fd-4e09-a4c9-babf7675819f,1,5 pairs,1
b6bc995f-64ae-4b20-9807-8f1c3287b15f,1,3 pairs,1
0a8289a8-ef28-4d59-a6df-178d9cf88495,1,5 pairs,0
a3315566-a9a1-4127-b42a-3b210d49b9a3,0,,0
03d9a07f-91df-469a-a459-b36f66258f00,1,3 pairs,1
06944ab6-a64b-4c89-9269-c8990171cd73,1,3 pairs,0
ada962c1-1780-4628-af20-c1e4204a68c0,0,,0
c27fd35c-3b33-4fae-b786-5da6a6c104f8,1,3 pairs,1
a26c042c-feb9-4f3d-acb5-022e4e330271,1,5 pairs,1
3eb7f7ba-ae0c-4609-863a-d5a651c54b54,1,5 pairs,0
26696fdb-68a3-4e82-920b-360e8a17d662,1,5 pairs,1
7ea4fde4-c743-4e19-907a-784a4d3178ac,1,3 pairs,0
09aceef1-70b2-4d01-b95a-ab89c42595a1,1,3 pairs,1
5bf49278-2b8d-4e22-a0fa-4c001ae4b453,1,3 pairs,1
5d399a67-3bb6-4e6e-8c0b-3d7004f5d629,1,3 pairs,0
adc07b48-f853-4942-94b4-5cfc7c905420,1,3 pairs,1
c6cf7fc9-5730-47bd-8031-3aecc2d8dd52,0,,0
4efc9d20-5bdd-4f9f-b2de-04b2f53a1d18,0,,0
85a53c6e-3c99-41f3-b79a-07c65ad6bdbe,1,5 pairs,1
5c2067be-cf63-465b-b72c-73dd3ae73b98,1,5 pairs,1
311ab009-bb5c-44b2-9330-6b5b88163c9f,1,3 pairs,1
8af77d75-a7c9-4911-9026-c295cf9f614c,0,,0
d55bd274-cdf6-481d-b9da-c4709b7928b6,1,5 pairs,1
1627312b-2852-4a4e-8258-d046facaeeb2,1,3 pairs,0
6816bdc3-daed-403c-b34a-a23ab279f3be,1,3 pairs,1
1fd92f7c-7563-4b9d-a5cf-0fa1b2010aa1,0,,0
834d4996-6486-4596-879d-fcff96d0b6db,1,5 pairs,0
35818d70-0add-4f24-88bf-b0bbbb22061d,1,5 pairs,1
2f2740b0-6459-4312-ae14-a359b4449c9a,0,,0
9202b128-ba4f-4907-beaf-a1211f08388a,1,5 pairs,1
90d66f32-e42a-4235-8698-f38cbfdb6c1a,1,5 pairs,0
914ac629-2d7c-4341-8689-1f7a4950fb3d,1,3 pairs,0
89d4adad-6aa4-496f-8b3e-4be84c35473c,1,3 pairs,1
62007d9e-cbee-4d79-9ae1-98b0a52abc02,1,3 pairs,0
8aedc5be-b0d6-4513-9a2c-b07f8c94ebd7,1,3 pairs,1
cc943a7f-03ff-4dee-bc20-149e8b621899,0,,0
fe223412-85f1-4a44-960f-6fec638842d7,0,,0
b9556d59-9f82-45ba-a278-81e5e3fc3106,1,5 pairs,0
26202451-4bd3-4253-9d1e-ff27ace3847c,1,3 pairs,0
c69d09ca-76be-468e-b580-e5356824f9a2,1,3 pairs,1
665533b2-8ffe-48be-8bea-0e3900e0bede,1,5 pairs,1
86fff76e-aea2-442a-afbf-f60b23a05541,0,,0
00a9dd17-36c8-430c-9d76-df49d4197dcf,1,5 pairs,1
95885e6d-cb6f-4bfb-bb23-41432149192d,1,3 pairs,1
0878bd66-657d-426b-a63f-19e0d8ef1b5b,1,5 pairs,1
e3a4dc08-7657-4d65-810a-0b2003aaafce,1,5 pairs,1
671ef5d6-ee99-48f7-a78c-da648751c649,1,5 pairs,1
3f7d5ded-68d2-424c-b72a-2d3f8dbb8a0e,1,3 pairs,0
be92a62b-e28f-498e-a579-1f6ba34d5512,1,3 pairs,1
c25d0f4e-94ae-45b1-9d6a-2f0121a2fab3,1,3 pairs,0
f5112729-e204-4e92-81a7-150ba4c812e5,1,5 pairs,1
e5e34030-2f19-4eed-a24f-e5ada4c4536a,1,3 pairs,0
9c1a587a-2ada-43cf-a4e3-2ced2f831021,1,5 pairs,1
91e0f103-1135-4760-bac0-482303651990,0,,0
1b9c8b0e-3b7a-4d57-b196-d53dd1b52c05,1,3 pairs,0
372416e4-f27c-4960-b32e-7d90991ddaab,1,5 pairs,1
a43564ec-1885-4a0d-a885-5355923f0d5b,1,3 pairs,1
f59058c7-e800-48aa-86d7-5f5912ce753d,0,,0
20773fec-7bee-4364-9132-ab292122ff16,1,5 pairs,1
6cb2953d-003d-4397-964c-7341e5afe84f,1,5 pairs,1
fa41d449-c690-4a5f-a782-bda7a9dbc662,0,,0
8833a482-9c4b-43aa-b0ac-d53cd3421eac,1,5 pairs,1
5fa8d6c2-0d2d-4689-9ecb-35743ec7be59,1,5 pairs,1
4b591cb4-b801-4738-870a-77cd186544ee,1,5 pairs,1
a923495e-b5a3-4b6b-b7af-029dc402e8f7,1,5 pairs,1
4f7cd365-c4d0-4eaa-ac5c-d82e476a974a,1,3 pairs,1
326f47c9-1617-4719-b36c-db90495706a8,0,,0
a45df19d-a6a7-4e61-894a-e24fe5b03c98,0,,0
2d4fd61f-54ad-4bb0-81f2-4cc070584ed0,1,5 pairs,1
1311759b-0ffa-4faa-a2ba-0c6f5eb603d7,1,3 pairs,0
7489dc66-18c6-4d33-98b0-b524811dc5d7,1,5 pairs,1
33fe316d-05ad-4762-b98c-c5a7d56a2ab5,1,5 pairs,1
944c22d5-a820-4d0b-b905-3d607ebe2839,1,3 pairs,1
306454c1-eba1-4607-a88f-044b6d76c250,1,3 pairs,1
63b2e9c0-cebf-4013-b1c2-1a01476598c7,1,5 pairs,1
18a749f7-0d5b-4a7e-9786-8d67dd110ba5,1,3 pairs,1
3bdf60d5-21fa-4bd5-a563-01255088cf7f,1,3 pairs,1
c66639a4-db81-40bf-9724-9b4f340a7e9d,1,5 pairs,1
a316316f-f2a6-4907-80da-8966984e09a0,1,3 pairs,0
716c918c-4271-498a-81eb-711d66f956b2,0,,0
9747a5fe-53a7-49d8-a78b-73593313be2e,1,5 pairs,1
67f0cfc5-9fb2-4a2d-bda5-a2fae32ce77b,1,5 pairs,0
f5d7e70a-c5f6-4f97-becb-e2c77fa22fbd,1,3 pairs,0
7dc1d704-ff9f-49c5-9cd9-2b9609953e9f,1,3 pairs,1
ac80ab1e-acb8-45fb-abc5-4333f045e973,1,3 pairs,0
4e01eef7-2fe6-48fe-969c-6e7fe52234b7,0,,0
f055c951-3fff-476d-97d2-0d0615fb9271,1,3 pairs,1
11a96484-df2e-46f5-8a76-7b6e6f91d3c8,1,3 pairs,1
acd27473-3959-4472-b253-e9f351b762e6,0,,0
586830e3-29a8-4885-9b09-26393fe72890,0,,0
e86189f6-54ae-40f2-b9fb-c4bff706ce12,1,5 pairs,1
d004787c-07e8-4e4b-a3b0-470e466a1a82,0,,0
1a0efe31-3d51-4c3f-ba3c-dbadef431651,1,5 pairs,1
531570fa-b9e3-4a96-8f3e-b67d9910aefa,1,3 pairs,0
a4020ad6-201f-45b0-affc-085cd0f43cf5,1,3 pairs,0
6fbe5f5a-c0cb-4279-843f-458aa16ccbce,1,5 pairs,1
de482c6c-565c-4a4c-b55c-3513146fcfbb,1,5 pairs,1
017506f7-aba1-4b9d-8b7b-f4426e71b8ca,1,3 pairs,1
3138f7e9-c03c-40af-bfda-69357ce0e6db,1,5 pairs,1
43825a25-17a4-4093-8c80-42b9c9888365,1,3 pairs,1
17e3fdcf-2f82-46ca-ac99-96675af1d512,1,3 pairs,0
d56428e1-18d5-4c88-b379-9e8624b432d5,0,,0
aabaeafd-5332-4ba2-8b6a-b04268fbe146,1,3 pairs,1
1c984407-1ee3-4add-991d-81a3fe8df8df,1,5 pairs,1
ad5ec48f-fa2b-4bed-bd23-928d7e412ccc,1,5 pairs,1
e484736d-ba82-492b-a4de-f3e5fdf65f19,1,5 pairs,1
5e368344-49e6-4be6-a825-d82e4575cc34,1,5 pairs,1
99a1d627-92b7-4a68-818e-91b82edb5698,1,3 pairs,0
7e531b6b-7e28-4304-8f11-683f9d99a26f,1,3 pairs,0
6550f53a-a399-46da-954b-91992badf918,0,,0
b61d955d-2cda-4d86-b3da-e0a235657c56,1,3 pairs,1
994799f1-e460-4d86-bf98-b39253fe390b,1,3 pairs,0
f7270379-258f-4b13-abc7-9d8a05414817,1,3 pairs,0
0e3e0879-33fc-450e-b6c1-12ffde3583d1,0,,0
e8677e8c-eae7-4309-9d78-016be6546851,0,,0
2ef38748-aaa4-4f11-abb5-293fae554a22,1,5 pairs,1
e3e09c37-9f13-458d-bb57-a24a4dd88ac1,0,,0
b58bc670-d8a8-4826-8503-eb7e2e7d2c36,1,3 pairs,1
6dda0609-01d4-46c4-98e9-24b8ff27dd2b,1,5 pairs,0
b4cbb2e0-c3c7-4330-b75c-7903e75f7296,1,5 pairs,1
d7f95870-7094-4f83-a3c7-a9a68af58d3f,1,3 pairs,0
4ea68e72-d90c-4a2c-a37d-f44eda66ad71,1,3 pairs,0
4181cbcb-b659-4ad9-99be-f3774cc37314,1,3 pairs,1
b3fb08df-8cbc-4a2b-ba43-4f7a59ac129d,1,5 pairs,1
49069626-4d1d-4d13-8b2f-af76d84f461b,1,3 pairs,0
3e94f9cd-9995-4750-830d-066d23ee0059,0,,0
db8ca7bf-3bd3-44c2-bc85-dad47f29ac15,1,5 pairs,1
42a8bba5-af02-4edf-a6f1-41f2292fc92d,0,,0
eb0d6228-e1e9-4f7d-b86c-406c1e1aa20b,1,5 pairs,1
df050dce-4c07-4eca-b224-b0084ecf19af,0,,0
2926c32d-a98f-4f67-ab83-fe9e98e6a66f,1,3 pairs,0
22f75e57-c77b-49ee-ab7e-a80806fc6a3d,1,3 pairs,1
9693c539-3286-4d2b-9abb-ef34813dc43a,1,5 pairs,1
ba6faa6a-3df2-41c6-b108-30cf453cb481,1,5 pairs,1
873bfff1-243c-4365-9167-487e7719e46c,1,3 pairs,0
0cd6a1a2-8f99-4303-81fd-69f31478ef09,1,5 pairs,1
94d9d20a-0050-48e4-b50d-7b8072d6933d,1,3 pairs,0
77d8aee5-d73a-4bbc-bde4-74f1dfebdf68,1,3 pairs,1
52d4dbe5-72f5-4bc6-a2bc-40ec134585d3,0,,0
902025cd-6827-45a0-9724-e6f28975d691,1,3 pairs,1
7a678950-7e27-4d4f-9821-7818e4e3be59,1,3 pairs,1
8db3f9cf-daca-4b4d-b244-8409c0d61cdd,1,3 pairs,1
00e15fe0-c86f-4818-9c63-3422211baa97,1,3 pairs,1
442be682-abd5-4e2d-b8f0-1f81d245503f,1,3 pairs,0
57a087d2-66f9-41c7-a0cc-177540b60891,1,5 pairs,1
794af2d1-8a80-4be5-bbe8-d4406adac41e,1,5 pairs,1
0ad78075-b612-447b-9ae7-b5ab0fa42498,0,,0
8ca7c665-2c9b-4fa7-9ef0-968376681793,1,5 pairs,1
c833db7f-3989-42e6-aa32-3e4bba8d74b9,1,3 pairs,0
4a4187ca-be26-48fb-9efd-6475d6041a53,0,,0
badaa253-e0a9-4473-9898-5ccf6b15d32b,1,3 pairs,1
9a90147c-27d8-443a-80d5-605de356cb0a,1,3 pairs,1
f132d468-fea5-4a70-ba9d-0bf08a368876,1,3 pairs,1
9f759536-81da-4af5-9754-4fdf87d87e94,1,3 pairs,1
bc7c8eae-1c8d-4975-82ba-a23a843e0a97,0,,0
76e9ccd7-3dc8-479d-9a76-a8c5a0823cb7,1,5 pairs,1
51e3289f-f240-42ce-a3aa-0b121320d25d,0,,0
72512606-c66d-4b37-97d6-bfa689212798,1,5 pairs,1
b7269c0d-9fc3-4148-9bb7-d748a6745716,1,3 pairs,1
22f1e218-8bc0-4d1d-b122-1379c28c4545,1,5 pairs,1
7f1a340f-ff0a-40c7-a8cc-c9735371bf13,1,3 pairs,1
56cdc793-cc7b-483d-b779-b4cbfd29e661,1,3 pairs,1
46a94905-0385-4900-8749-072c0bcedb57,1,5 pairs,1
e6f29fa7-15de-41fd-a5d3-f6c3b0259283,0,,0
9a48440f-2358-4fa3-bb91-cff7bd17d1d2,1,3 pairs,0
6d6e0935-457d-4ca5-be23-9deb5a39df44,1,3 pairs,1
fa959630-431a-480e-b320-7c5bc342da3b,1,5 pairs,1
9442f729-cccb-46e2-b66c-04d58b7a0a6f,0,,0
1e7fe8dd-18e9-4192-91a8-81f9c4059633,0,,0
7ab3c987-eafd-4fa6-b8a0-ebd833f12fd2,1,3 pairs,0
cc94373d-dce4-4a58-9923-07ce2593fed3,0,,0
0fbe6b14-2923-4300-9c56-899aba0ed3e0,0,,0
2dfde92b-4085-450d-a064-13dd9d9efdcd,1,3 pairs,1
f0af10ec-cd8e-4b7a-ba00-e20b2014f3b8,1,3 pairs,0
9f0db9b6-0156-462f-9d46-6d26efe654ec,1,5 pairs,1
af1fe1c8-6525-4c22-943c-0c3c64901fd7,1,5 pairs,1
1b14444e-a7a5-4a8b-b1f3-13a800d16b3a,1,5 pairs,0
f2777885-6f35-4997-93c9-216804b4d39e,1,3 pairs,0
4ac91a3d-dd3a-42a7-8215-2b66e516e810,1,3 pairs,1
d0cfe23c-52c1-496a-8ca9-a928bf31a707,0,,0
cdb288f8-e79a-4be1-818b-eb436468eca1,1,3 pairs,0
9b762b95-beb4-4e8a-b8ae-edec632a81c0,1,3 pairs,0
534c4e2d-a4d3-4551-a668-c694a0e38854,0,,0
aeef8b50-19af-494b-95c4-5ba83ce57e12,1,5 pairs,1
e80ec3ca-03b2-4ea8-a638-428de538e21e,0,,0
7e394425-4c1c-499c-ad9d-af446cf57953,1,3 pairs,0
d84aeb54-efaf-49e0-894a-094790a91389,1,3 pairs,0
e1296aaa-fba7-4bee-bbee-3a68b3f9d731,1,5 pairs,1
da27fbd0-7cd3-4f1e-b52b-dc73bc9e41dd,1,5 pairs,0
d2006f3b-1b25-40a7-a37e-054c815a1ef6,1,5 pairs,0
4c5c02f3-563d-4e3c-994a-5e0faf0e1611,1,5 pairs,1
2870bc1d-b0c2-44e8-bc7f-f5fc359a04e8,1,3 pairs,0
5f926e9a-0281-48e7-98ca-b37f2c0a75be,1,5 pairs,0
d6e938c8-1b6d-4e4c-a2cd-641826f438a5,1,3 pairs,1
3702be28-0806-4832-8e32-9b99882214c3,1,5 pairs,0
30232f67-9676-4007-be9a-72738980a344,1,5 pairs,0
8b0e6aeb-b576-45c8-b785-d141777d3d31,1,3 pairs,1
2dcef662-d1cb-44f7-9c67-8e9bc4705306,1,3 pairs,0
38e20321-8c72-406c-aed9-5e43e89e3bcf,1,3 pairs,0
14a3c23e-679d-4a33-b59d-89d9dc2aac27,0,,0
96118625-9376-4c2a-90d3-a649cb5e6953,1,5 pairs,1
595e5e01-c257-4b60-9927-26368c5ac686,1,5 pairs,1
693e5ca9-9c5f-41c7-ae80-2ad586d7faf0,1,5 pairs,0
862f8038-5a9d-4b5c-aaba-431a5aeee056,1,3 pairs,1
40297939-7c95-44f0-b157-c02604bb7164,0,,0
6deeee3f-24a1-4e10-848e-e60126cfb065,1,5 pairs,0
70d733ad-46b2-446c-a8f0-11c6af5958d4,1,3 pairs,0
dede7d74-a1bf-4a2f-aebc-7e834e59f7e0,1,5 pairs,0
a5e86c52-a588-4200-b45a-8c3b0df509eb,1,3 pairs,0
a5ff0b09-6efa-4f06-98a1-39eefffde4ec,1,3 pairs,1
8397bfd3-8dd7-4ea4-b77a-433e516066bd,1,5 pairs,1
19059a07-c577-40e4-8440-8212fdde1d79,1,3 pairs,0
9a6b1329-a353-4fcc-b1d2-7eb0125de0bb,1,3 pairs,0
5a45a1d2-7793-446e-a5d1-30ef2bc86f72,1,3 pairs,1
1dba5d40-0a4f-49a4-b10e-9253640a8c56,1,3 pairs,0
3ea3bfbc-744a-4062-b8d1-ce244091da23,1,3 pairs,0
0fca3d2f-a32a-44b7-8eef-a64afa0a6c83,1,3 pairs,1
842c3bfd-4420-48ce-93fe-cc9deb127fbf,0,,0
03a9cb45-e620-43f0-a633-ce406034dd94,1,5 pairs,0
e8722ab6-2cdb-4cbc-904e-3a7e345a969e,1,5 pairs,0
46683cb0-0ba3-4926-9151-682389c8b110,0,,0
0b4174c0-9cc5-4365-83fd-01757fa1e521,0,,0
12b45702-1226-4ce6-a7e3-24b143fc7019,0,,0
f26f8518-aeb3-453a-b91a-453ca67a8ce4,1,3 pairs,0
06ac027d-64e4-4da5-b02a-777c520dc5c3,0,,0
3ce2fbd0-caf4-41a6-a02a-7dc90fe2f989,0,,0
c71ea703-a4cf-409a-bbea-2717c3b16d6d,1,3 pairs,1
c33fca2a-6cdb-43c2-9dd2-ae24f7b0eb67,0,,0
3fd325d6-5bbd-4547-b085-5b286b890431,1,5 pairs,1
a41db3ac-3430-49a8-8a65-10460c4cbe75,1,3 pairs,0
0cde6b89-37f3-4c37-83a6-58afc61ef430,1,5 pairs,1
0f793baf-833f-49c8-a501-fcda2f355583,1,3 pairs,1
965eb26e-dbcd-4bfc-8179-67cc2c34ad81,1,5 pairs,1
360f70ea-771e-4b7e-b95a-7b1eebd50f41,1,5 pairs,1
140deb2a-f822-4b67-b5c8-db30daaba807,1,5 pairs,1
5657f8d4-4589-42ad-9feb-1d33d3fc6b5a,1,3 pairs,1
cbdf422d-0942-450f-945d-88e2724feaa1,0,,0
0c550865-0828-42e9-bd48-a37cdee31843,1,5 pairs,1
66a4a0c2-1978-4ff9-a1d2-4fa911f989f3,1,3 pairs,1
ec3f1961-8ae3-4b0f-90c3-ca427a2b8b2a,1,3 pairs,0
48485641-fa2b-4c96-988d-af92a8af86a9,0,,0
038c1b89-19ea-4fd8-9b7a-21e337a88de4,1,3 pairs,1
3d777e31-9c74-4e76-90e7-4d259cd1deac,1,5 pairs,0
1123ee05-c04a-454d-9161-a53d427f908b,1,5 pairs,1
911f3c72-3497-42ec-8c98-aec02f571ed0,0,,0
f69672cb-742d-4930-85af-a678904613c9,1,3 pairs,0
47a7f7af-bfe4-40fa-8574-8b4480dd78d6,1,3 pairs,1
11c8cbd6-b79b-4286-b4bc-862ebed59b7c,0,,0
8bcedc93-4920-4658-9ae3-0c879722eed1,1,5 pairs,1
377f56ef-67a8-47cc-9fcb-acff9171edb8,1,3 pairs,0
895af8bd-3871-4434-a78b-71a9eee6d4cd,1,3 pairs,1
4360f1b0-7ee4-44ee-a25e-4fb548fead79,1,3 pairs,0
fe9100ec-9070-4ac8-972c-267325ba3809,1,3 pairs,0
7c8ef92e-f0bd-49ab-a39c-80202d5887dd,1,5 pairs,1
86aeb83d-5647-4729-85ca-9078e93e1a87,1,5 pairs,1
02cca408-c20c-4d6e-9e76-82233faf95aa,0,,0
286e3c25-b76e-4f5e-98fb-564122c98382,1,5 pairs,1
f59a14f6-c2d4-4e09-a907-3bb95d683a78,1,3 pairs,0
2679b327-b4fc-4266-a0a2-45cdd6e94323,0,,0
3d6ebf1e-1d90-4b65-b654-e5147d3e6042,0,,0
b6c83bbc-f80c-4d94-bfe7-6082d4916448,1,5 pairs,1
1ab8dd56-7cef-4f0b-85ef-b7e8f2f3957d,1,3 pairs,0
ae4b630b-f7cd-4e4f-b032-1e72158a4c6f,1,5 pairs,1
87c2f30e-7c3a-441e-aaf5-71dc4db8446d,0,,0
712feebd-b80a-4994-8a88-46a6b2aca85a,1,5 pairs,1
f0374128-b7c7-4ca1-a52f-450cddeb5994,1,3 pairs,0
4c582786-25d0-415c-83a2-01b7b9165778,1,3 pairs,0
030ae7ed-a34e-42ac-a88f-93996455d315,1,5 pairs,1
102db10a-e5ad-4072-b015-bea66de78de9,1,3 pairs,1
c1698024-f29b-4de0-af1e-bc860cc48a7f,1,5 pairs,1
92c9b5eb-e170-495e-a920-1ff04d2da780,1,5 pairs,1
471bdead-503f-4978-a7e2-b4f18fdd3c13,1,3 pairs,0
2cc1b38d-bc6e-4a06-9352-164addfebe5d,1,3 pairs,1
d2f438b2-eb8f-4b1d-940c-f2aa46a5e840,1,3 pairs,0
2f2f73c3-92d9-44a4-bd9e-c8e1a65299b4,0,,0
6fdc3b20-5293-4b34-b110-588ee3c4abd0,0,,0
34208955-7ccc-4606-93d0-e2462d6b3022,1,5 pairs,1
88d7ca26-894e-4e23-ab35-29900c019e81,0,,0
da414ad7-efc6-4f6f-9de4-cfc152cff133,1,5 pairs,1
b97f022c-84ac-4c2a-8065-39352a5bcdef,1,5 pairs,1
26158365-10a3-4a90-8bf9-9fd99d27c0ef,1,3 pairs,1
021901a5-74ee-482d-9f03-0089d17ff7d6,1,5 pairs,1
555ec7c9-d4ab-47d9-9569-a0d1740d66c8,0,,0
0176bfb3-9c51-4b1c-b593-87edab3c54cb,1,3 pairs,1
cc6b6187-1926-4acb-a4ac-265d58258806,1,5 pairs,0
32ce7f30-649a-4e54-bbba-1edaaecc02ea,1,5 pairs,1
03dfcb44-819d-4329-9924-a4cafc834af0,1,3 pairs,1
778170b4-069b-40e5-b45d-f268eea238eb,1,3 pairs,1
0d478fcc-c7d0-4e1a-aada-7a991407eb6f,1,5 pairs,1
2f7666c0-7eed-42ea-9914-f82556f85283,1,3 pairs,1
1c37449e-aad0-4a0e-b245-49209b1e0b57,0,,0
9641b099-f178-4015-b004-ac85ebb9aa2e,1,5 pairs,1
fc434307-6a0b-4209-878f-9d77fb50e49f,0,,0
767ac41f-e89f-47d1-b343-48d6353a1fe8,1,5 pairs,1
1089f689-2333-48e7-bfb6-01890bf0ceff,1,5 pairs,1
6fe4855c-5b4a-4283-9434-58d6007f4775,1,5 pairs,0
099ffabf-e832-412f-9a23-cc480b7147d5,1,5 pairs,1
903be3a4-5884-476b-9bae-0730abdc66ab,1,3 pairs,1
9c9bb425-bc87-407e-972f-8a305603720b,1,3 pairs,0
a9f560fc-cefe-4270-a89f-7aecabe10bdc,0,,0
7092696d-ce5b-47dc-af81-671546b8976e,1,3 pairs,0
bbb02cf2-1dfd-4c72-9292-837dba555414,1,5 pairs,0
bc9fe308-7620-40c6-a46f-06d55250bd3f,1,3 pairs,1
ebd41325-0044-4456-bbf0-f07c0fc601b5,0,,0
9d5dadf2-33d7-44b0-bd04-91af07e5b9e0,1,5 pairs,1
2843e98a-5cce-4cbf-b0ab-aa43f1e81778,1,3 pairs,0
0caaed80-644a-4e08-bf8d-bcd6ff02d1fa,1,5 pairs,1
087d9b32-481f-45ee-8005-acc62bfc3c51,1,3 pairs,0
24c76080-915e-45bf-ae60-1d6570cedf3f,1,3 pairs,0
c982fa43-2c9e-40ea-9c29-c17affaacad0,1,3 pairs,1
17c1bb3c-fd86-47e7-a914-7e85ef909747,1,3 pairs,1
ee341540-8d72-47d1-926b-c9b7f95efb6d,1,5 pairs,1
9892423f-c6b0-4473-a262-c8ebdad01ad0,1,3 pairs,0
587b87fe-6982-4cfd-afcd-d90337596461,0,,0
7b8f0b67-062c-44e2-898d-f803600ac78a,1,5 pairs,1
e3c9a5d8-6d12-4230-b4c8-a29d1a35bc05,1,3 pairs,0
7dd77ad9-0cbb-4155-9410-c54c8f4839ca,1,3 pairs,1
bad00102-a299-4497-9d28-6189eb0abb01,1,3 pairs,1
31b22fac-a187-461d-8812-ccb57f22977e,0,,0
e770d281-e093-41f9-9cd7-edbc9e472861,1,3 pairs,1
23f20c14-2455-4a7b-844e-b18680944fc0,1,5 pairs,1
4b96030c-a295-4f46-93d5-4a3c0a32fc8a,0,,0
b9d7b6f7-b704-4340-8770-c97284bbf96d,0,,0
c6dde7fa-918c-4869-8909-74f858197014,1,5 pairs,1
22157e91-b367-4f57-9d90-04864bea5788,1,3 pairs,1
4ab4bb1a-c803-4b1c-a9cf-ad81af770c71,1,5 pairs,1
1b327682-7251-4606-9002-9801b53f384f,1,5 pairs,1
999bceb2-81bc-42f5-a34c-5823aefdd801,1,3 pairs,1
4d8b45f4-1992-478c-8767-62b6be975be8,1,3 pairs,1
6ef73f5e-c635-4c63-85f0-67be8dc6950b,1,5 pairs,1
f55f6a49-4fe8-4684-a952-113362668dbd,1,5 pairs,1
5b0e6a29-46f8-4a8e-8ecf-c80bb5a53e3d,0,,0
3c72580b-9acc-403d-be04-e5c26b59ebcb,1,5 pairs,1
674a8417-2553-4cc5-a434-208aaeb6f86d,1,3 pairs,0
028f7d56-0def-4556-8c05-4c9ec6bd3c20,1,5 pairs,0
4e57d0aa-d017-4ba3-be79-d2e1a356c896,1,5 pairs,0
34561f7a-7871-4341-9ef0-cc1820a31243,1,3 pairs,0
4aa8f065-8911-489c-b9b2-92e8da1d08a9,1,3 pairs,1
b1474d29-1354-405d-a1b4-e45d9b5857fe,1,5 pairs,1
ac0f28cc-2eda-44df-b1c7-6afdebde00f7,0,,0
8c52dbf7-593a-4e47-ac06-16a8e8d77130,0,,0
bc0e71c7-c727-41f9-8c25-9bb6b0561574,1,3 pairs,1
8e325816-f488-472e-a657-c699ba40afbe,1,3 pairs,0
91170613-c8ec-456d-9f33-1a0498a57bd9,1,3 pairs,1
d025fe6a-1fda-4760-935e-2cd382374dac,1,5 pairs,0
04ce43f5-385f-4893-bd92-be42bc21d9a8,0,,0
54934981-ec34-4368-8e86-fbadcb51a4af,1,5 pairs,1
18ce5a4a-e47a-4f89-a0ba-a9c827fa9e91,1,3 pairs,1
a6b33a45-3b20-4e2d-902a-3151f5eb71ba,1,5 pairs,0
f33ad63d-41d4-4958-8dad-b1459b9b83b2,0,,0
f92f63d7-881e-4e29-9874-c2329be5cd9d,1,5 pairs,1
90fab4b3-05ca-4ee1-8494-d2b093320b37,1,5 pairs,1
ada15920-cbe0-48ae-9c5a-ccb483e51948,0,,0
802e373d-058b-45b0-ac8a-8651cd4f3b67,0,,0
d714faf1-8292-41a3-860a-7ca097abafcf,1,3 pairs,1
70615ef6-f6b8-4ce5-b8b4-8d907b27d4f3,0,,0
5e9c88b6-7728-4de6-bf06-ee7f8ba43288,1,3 pairs,1
dffdc692-50d3-462f-9b85-3a51d15bca05,1,3 pairs,1
91690c60-d79c-4515-9885-0acc1e2f73cf,1,5 pairs,1
a8c2bae2-5075-4ab6-8d99-afc20a8b8ea7,1,5 pairs,1
9d53d088-7495-4101-9326-e9806f7774e3,1,3 pairs,0
6e4979eb-922d-40ee-b5ed-216c249cfb70,1,3 pairs,0
d8addd87-3217-4429-9a01-d56d68111da7,1,5 pairs,1
648b3152-123f-41a3-b4f4-b6ba6c55d345,1,3 pairs,1
f8c80591-1208-4ffe-8211-64827ebd3e94,1,3 pairs,1
76bbf5e1-5eb3-468c-accc-7eb492d47b28,1,5 pairs,1
5e724e1a-467c-4a92-a4f0-ee5a25597062,1,5 pairs,1
a0fa3684-3381-4c7b-aa0a-520d8baff528,1,5 pairs,1
0e37b739-8204-44fc-8d51-a6062d24ee64,0,,0
0bff1db4-0fa1-4b88-bb5c-6012a3155608,1,3 pairs,0
23ba8065-72ff-40c3-a162-4a7ccfbed44e,1,3 pairs,0
113e93f8-09fb-4e75-9284-fe7e44ab614c,1,3 pairs,0
6944971c-1925-42af-a0e3-b8ad1f75c01f,1,3 pairs,0
adbb0516-c4e3-4550-ab07-6390133e8401,0,,0
583accf5-d9b2-46ad-83bd-f3b635ed8948,1,5 pairs,1
26624b9d-da00-4534-9b0e-c2f9b392d916,1,3 pairs,0
6eefdef2-25a9-47fc-b4a0-1bfe34ca6a44,0,,0
ccbbaf80-ff3e-4ced-92cc-b1fc5fbe00f4,0,,0
2a71e53a-c9f2-4dcb-b02f-6a76d65f10ec,1,5 pairs,1
1976aced-6494-4dd4-ac18-61214a208215,1,3 pairs,0
ac7afbad-bac6-4d38-93a2-ce59230162f0,1,5 pairs,0
16992cd8-b9e8-4c0a-afe7-207d85986175,1,5 pairs,1
56ca2443-1f82-4107-ade7-cf15caeb3a27,1,3 pairs,1
4bc6829b-6ac2-49e2-84e9-119842f82a16,1,3 pairs,1
fa6e02a2-0863-430f-b1c1-1927a2bc5715,0,,0
6ee7e098-0644-4644-b9ef-3c7e94b5d2c4,1,3 pairs,1
c752ba2e-eb19-4f05-b272-e1b45201fab9,1,5 pairs,1
b0186302-c136-4744-9bb7-6d4a41793eb5,1,5 pairs,1
64480f56-f32c-4580-896d-7c2738169b60,1,5 pairs,1
e2902222-c367-4805-a3b3-9916128dbf46,1,3 pairs,1
a06379fc-82ca-477c-a77d-8a8ee5eee28c,1,3 pairs,1
aa8bdcd6-d37e-45ae-8767-7089abbdcecb,1,3 pairs,1
c8fb1cc6-8917-4636-95e2-0699256bf44c,1,3 pairs,1
7324cdb8-4613-4e07-9e8d-6b4dfdae98cf,1,3 pairs,1
dca84453-71de-428e-a0db-fbbf11fc288b,1,5 pairs,1
b9da7206-4d4e-4ecf-bd32-51e47dc7971f,1,5 pairs,1
6c1e96fd-a62c-4496-86ad-cb783fda52e4,0,,0
533dc06a-134a-4989-9e09-76de695f8a21,1,3 pairs,0
56fe74dd-c274-408e-9ba1-03db92acf872,1,3 pairs,1
029e417e-a0b5-4ec7-9190-a852016619d9,1,5 pairs,1
f78d9349-06ad-42e0-a065-bc95ad5baac3,1,3 pairs,0
cb419b31-ef55-48a6-8865-39fbc5af82f2,0,,0
f3defb57-a22b-4bb7-a81a-942050f253f6,1,3 pairs,1
f3718838-52e3-4f7c-b795-b4109c57d9df,1,5 pairs,1
76cd48c4-cf1e-4f30-becf-83a33374b025,1,3 pairs,0
b5e4525f-a92e-4b8b-a63c-fa71279621e5,1,3 pairs,1
a0ca93b5-a5ed-4660-9a1c-e91c917da388,1,3 pairs,0
1bdbc256-ef9d-4871-aa37-aac01e19fa35,0,,0
dcc0ba73-db10-4cb2-92ab-036a4fd0f2d9,1,5 pairs,1
20dce5ff-bd55-43f5-b99c-9208e142bd79,1,3 pairs,0
aaeb45c9-5ccc-452e-a93b-690212defba4,1,3 pairs,0
b5b3a93c-e143-478c-9284-cf51d09c4fa9,1,5 pairs,1
ba2b7598-4aba-4168-92ca-a3aff33b2cc2,1,5 pairs,1
14196cde-c1bf-4df8-b40d-7ac69983e1b8,1,3 pairs,0
c3ab6fcb-56e3-421c-a884-f51265e0d03a,1,5 pairs,1
106b77e0-5a9f-4345-818d-3a2b0bc94581,0,,0
871a58c8-18aa-43c2-b314-6af6dd525699,1,3 pairs,0
ac4e3ae6-0136-4276-acf9-dc926ce63921,0,,0
565aaacd-eec5-4857-a908-170f0cea0e76,1,5 pairs,1
17b13eac-ed79-459e-b4de-89073f5f4941,1,5 pairs,1
2d5b7955-c24d-43c0-89b4-be44c5609aa5,1,5 pairs,1
c292cc97-453b-41c1-b6ae-037979f904ab,1,5 pairs,1
3d082ef1-1c0b-4478-9ed6-a817b2c5677f,1,3 pairs,1
fddc8bc5-6ae4-4a70-8252-6a2e02b9372b,1,3 pairs,0
f7a6089a-ad50-423e-9c14-8fb56bc5b0af,1,5 pairs,1
34b6ad2a-d76b-4e75-afad-e4b19b15dc36,1,5 pairs,0
e90f3a7e-0f15-4dba-a3bd-08ff78154ac6,1,3 pairs,0
6f9b8114-63b2-4cd3-9f5c-c55b52ac8758,0,,0
e47e7e57-b766-4cae-a054-0ad95dff33ea,1,5 pairs,1
0da45873-8ec1-4ede-9962-c82c11bf9f33,1,5 pairs,1
1ad487b3-3645-41f2-9825-e79f566952dc,1,3 pairs,0
759f300f-3c9a-4c9a-9bc7-efe7e45e5339,1,3 pairs,0
66e1d656-c03e-46e5-984d-cccea975a780,1,5 pairs,1
6df79eca-281c-4719-827c-30bf48a0d874,1,3 pairs,0
188e3452-25ff-4693-bcf8-d1a2e869b493,0,,0
45b7bc7b-39b5-4308-ba56-c16107f28a97,1,3 pairs,1
ddacdc44-833b-4429-84da-1a4dedc84ba9,1,3 pairs,1
77925111-a7be-433e-859f-571e1d20bea5,1,5 pairs,1
41b7fe68-fd92-4f85-b0d9-87792ea99625,1,5 pairs,0
f51e41d3-66b7-49bf-a508-482544eb847f,1,3 pairs,1
eaac1cab-f307-49b0-9f9d-8d4a8d9e3bc9,1,3 pairs,1
eb0e0c45-0f3b-497c-9d12-a62cde6d56a2,1,3 pairs,0
7332c02d-6239-49da-8dc7-65b073934b47,1,5 pairs,1
b867a601-9319-4494-b9b8-1dd18afb38b1,1,3 pairs,1
4c1aa9dd-22fa-4165-ad41-d34c170da7de,1,3 pairs,1
fdd0cc7d-b9fc-404e-9d95-f69b230d2e72,1,3 pairs,1
ee2fd680-2bb9-46c5-a19d-c25fb36b2ca0,1,3 pairs,0
5496c68c-06ae-44b9-b443-0fa77c21681d,1,5 pairs,1
6e444944-1000-48ef-bc09-a21761f31122,1,5 pairs,1
8a0d909d-933f-45d6-8e04-ad5089c9092c,0,,0
1ea87d60-be37-42cf-8c5d-8ce3d79da679,1,3 pairs,0
a7a411ff-611c-4bdb-8ee5-033e34c0f971,0,,0
016078d5-b646-49a8-abfe-5b6c5670b47a,0,,0
d78ccbab-72e9-4b10-99de-b0d190c81087,0,,0
8858908d-5774-461a-996f-d2f738b449a6,0,,0
677b4128-58f9-434e-acf4-2eeead657004,1,5 pairs,1
116c7a2d-a033-4e20-8a59-8d632b7fba95,0,,0
393e61fc-0eb4-491b-8dc6-e4f6bb198f81,1,5 pairs,1
9faad619-d15b-48ad-a8b6-eaae68ef40e0,1,5 pairs,0
09191a2a-25ae-47f9-a553-2b5b6523b16e,1,5 pairs,1
e9cbfcbf-718b-4404-96ee-fce30635f061,1,3 pairs,1
8ba0d2d5-1a31-403e-9fa5-79540f8477f9,1,5 pairs,0
b2998d31-33ad-46fb-bbcc-8ac3c3e450fa,0,,0
ae7f62cc-8f82-4851-881c-14d4b59ce518,1,5 pairs,1
6f62501a-5aea-48ab-a27f-7d3877b7426e,1,3 pairs,0
76942f73-8005-4492-8de3-3a2570e79508,0,,0
17e28e55-0d8a-4c23-af77-903d94888d88,1,5 pairs,1
0ce62486-89ce-47eb-b797-f3617a27b9db,1,3 pairs,1
125ab20e-153a-41cc-a99a-e27dab719a25,0,,0
4ab4d5c3-f93a-4841-aa35-8da6b1bd7a1e,1,5 pairs,1
3b17f3de-e223-4cc1-a043-c89e3b22e05a,1,5 pairs,1
bf42ef36-bea6-48d8-95c3-785c33684bcd,1,3 pairs,1
07d80a67-b73a-40a6-88bc-8f30e4eae3b2,1,3 pairs,1
49bf782d-cbe2-4464-8d5d-32e48dc607c2,0,,0
4c10e298-53c8-4009-adda-bbcaecb7e8b6,1,5 pairs,0
5899b347-b01c-476d-9f9f-7ac92f8b8ec2,1,3 pairs,0
5a3ee321-517d-4a21-a351-d6815ab2edd5,1,5 pairs,1
dc8ebb62-a36d-48b2-ac0c-1c28afe66c20,1,3 pairs,1
88f171a1-2493-446c-b198-bd205636c98d,0,,0
27ab373c-ee8c-4a6e-8a33-ab696841f061,1,3 pairs,1
b71acb13-2137-49e1-9d85-e2ce4974e23e,1,5 pairs,1
7e020e7b-6ceb-4514-983a-6f47c0c2cba3,1,3 pairs,0
15b1503c-b3cb-4c35-88c3-3ae82f725d17,1,3 pairs,1
bfa0e632-069a-484c-8dd8-a5f2d8d1eed3,0,,0
f832f857-597c-4844-9756-10f2434f72a7,1,5 pairs,0
926f98a1-c48d-499e-9c5d-c9f17ec5d64b,0,,0
fc25b46f-185f-4fa1-a158-20f5ec5c6c12,1,3 pairs,0
1a42dc48-16d8-44d3-a9ee-546f40491860,0,,0
f3e481f7-4910-4271-9f4a-e48f488c6517,0,,0
2b1141f2-45bc-4c71-9e69-da3c1d57d1ff,0,,0
c74ff921-3c0d-4961-82a4-e5cdca55a109,0,,0
1d384224-6e3c-481e-a752-635d163fd1fd,1,5 pairs,1
e61736af-9dd5-421c-9cb1-272c8d956fd7,1,5 pairs,0
d6b93748-85a1-4949-b70e-e6f99a2431f5,1,3 pairs,1
ce91fda6-069f-4e28-8334-3b8107e81461,0,,0
35f68cd9-5169-40b8-83e5-f4c1a4fc2633,1,3 pairs,1
6bc9a126-b22c-4ac4-87f3-2cc3aaa3ac2d,1,5 pairs,0
c27e51a3-3f4b-4bd4-a6c1-08a1e5f010bd,1,5 pairs,1
5b2b133a-96a1-42c3-b9c1-be41ac599c63,1,3 pairs,1
46f195a5-3d5e-4c6a-adff-9bf11a59971c,1,3 pairs,1
4a533041-1fe7-4366-9243-e8edff240049,0,,0
399fe05a-bbb3-480a-bbd9-932d58548d6b,1,3 pairs,1
c2f823bd-c318-466b-821d-312ee2f7f600,0,,0
b66778db-005c-41ae-b91a-ec8f439a8f7d,1,5 pairs,1
e443c4da-d6ad-4cab-9cb4-fe05d8082928,1,3 pairs,0
028b47b0-e075-4b2c-bcf3-f963d8089449,1,3 pairs,1
25cf034a-6e32-4ba8-83b0-b990cd1646b1,1,5 pairs,1
8ea01ff5-2669-4ce5-9882-596db7248ff2,0,,0
913a1ac9-dc43-4549-aafc-d0104b1dd7e5,0,,0
f6065f04-5793-465d-a414-dc2ddaae0081,1,3 pairs,0
fc2af6bb-d268-479b-b9fa-d5e5be3b3a10,1,5 pairs,1
abddacdb-6edc-4b1e-ae4d-3ab785e0c8fa,1,3 pairs,1
bcef94ca-e0f1-410c-a5d0-98d60b3a281e,1,5 pairs,0
9599d823-35af-44f5-b113-f22fffa8dbd5,0,,0
c8fce09e-1bec-48fd-a373-597cf75fbf5e,1,5 pairs,1
ec2093db-07dd-49b4-88cd-de3a7e6fb954,1,3 pairs,0
7b5be1d8-65d4-411a-88df-141156742536,1,5 pairs,1
6690e848-d7fb-408f-9a68-c629775061b3,1,5 pairs,1
fee44777-bbd7-44ea-8102-291c89d0519b,1,3 pairs,1
338b3fba-ab7a-4911-98d8-b23dcded0fb8,0,,0
b7ac4e54-a022-4cdc-98d9-6ed74fe5a655,0,,0
4f8a1b05-7f54-4f8f-b29b-f0d7db50e3e6,0,,0
82f1b941-f28c-418b-a979-fcdac4ab8298,1,5 pairs,1
755544d9-d50e-4423-9e4d-c6325aeb18bf,1,3 pairs,1
5809ee1d-ee64-43cd-b6a6-01e1956db7ab,1,3 pairs,0
f008a017-3a17-46c3-b603-6cd5231805dd,0,,0
400b3e67-4c98-4773-8a40-fd0f3e6e92f4,0,,0
8518f039-6099-4983-9744-ac4087738365,1,3 pairs,0
170f0faf-d0b2-4adc-b83d-2b0b0ba49886,1,3 pairs,0
c67a7d8a-6ea1-447c-addf-c5920c91e9cc,0,,0
48ea857d-e1c0-4ef4-9c43-a3c948f7a5f7,0,,0
df55155b-6dc6-45b5-a793-a55ca1c585b4,1,3 pairs,1
ee1df45c-a421-45c9-901e-da29fd9cffba,1,5 pairs,1
146346a1-e75a-4fbe-a86b-67a968cf9f61,1,5 pairs,1
86f2e8e7-3d90-48ae-986d-08851b7ccf4b,1,5 pairs,1
05e5bba5-bdfd-4960-8d8e-925856cb65ee,1,3 pairs,0
83a1f78f-27ad-4540-9293-564b9674c9d5,1,5 pairs,1
9b583ca1-27f0-4680-b64e-b8b92e53db51,1,5 pairs,0
b74d1d25-bdd9-429e-a917-eeea0b88c880,1,3 pairs,0
cc5a7499-d8ca-44af-8939-8351e148ba5e,1,5 pairs,0
f3a49851-3624-4d32-b072-a8cf4ee24fa2,0,,0
6baa4e3a-56f8-4c68-ad45-ea4f10596e9f,0,,0
dd0f51d2-623f-48b1-aac5-0e97b455d408,0,,0
623eaa17-53b7-478e-b1fd-baee158bf7b5,0,,0
87c97fa2-2256-4745-989c-cc9ca8685b78,1,3 pairs,0
1867ccfe-7e55-43cb-ac5b-d545b21fd334,1,3 pairs,1
ec28c33e-00ae-46ca-b72e-5f18dcb008f1,1,3 pairs,0
7b001392-fb63-402c-a527-ca7ad6827ff7,1,5 pairs,1
fdb36b83-f7e5-475a-9165-336fc3a39ccc,1,5 pairs,1
0b7fa3f8-e5ae-4bf6-b967-84b510e13452,1,3 pairs,1
4cf65655-c736-4dfa-aafb-cbefe541adb0,1,3 pairs,1
7c6e3e6f-acfd-4874-b96e-e265b820eb6b,0,,0
873532db-ff78-4ad1-819d-87153e655864,1,3 pairs,0
db4c2e3f-4d75-4453-81e8-f686f721cb39,0,,0
dd08d494-fdfa-4d62-b01f-a5a1721e8f65,1,3 pairs,1
af7afcf3-5bfd-4512-80c1-285cd8a23cef,1,3 pairs,0
f4731e0d-67bf-4ffb-b505-0c7f7049a58f,1,3 pairs,1
838b7d4b-ecd1-43c0-a066-738aad0a9cfd,1,3 pairs,1
5c241446-6084-43cf-9b14-889436337b6b,1,5 pairs,1
fb3c0b68-c30b-4860-a67e-ab97c76bc518,1,3 pairs,1
bc01dbf6-cd3d-492c-9a29-6adc231d1ca3,0,,0
6b0921ce-415d-4534-88cc-64dd8ac19315,1,5 pairs,0
a060d8cf-e244-4e24-9f15-ff41ee5d5a5d,1,3 pairs,1
3e07cbf0-19e9-485c-8bf1-9c5691aeccd8,1,5 pairs,0
69ade01c-157e-4e7f-8f93-8b7ee7917011,1,5 pairs,1
f7776834-7e15-4e15-92b9-368a3a9e0b93,1,5 pairs,0
9e9d04b2-ec35-4f42-b78c-2c8319032ff6,0,,0
0996d551-f7db-4f7d-b6e6-98d67455b43d,1,5 pairs,1
b9bc33f3-e5cd-4430-9cde-0f567dc4be04,0,,0
833fbffc-2961-4e1e-80be-cb9156d61196,1,3 pairs,0
d3e9cd3b-624f-42e3-8bfe-ac04be88c57e,1,3 pairs,0
dfad531a-e67b-415d-82f3-bdff014e9dd9,1,3 pairs,0
b04d4c11-00bd-48a7-b886-957488d2e78d,1,3 pairs,0
468da0a9-4e0a-475c-afd3-5cbcade1f0d1,0,,0
1de6c3a5-f1b0-4622-a871-389aeeb5b8de,0,,0
59f00e26-0b5c-4c9b-97ae-e1129a45b262,0,,0
b9bb1470-4f3f-4867-9c1c-353cce8af973,0,,0
